menu_id,title,group,file,line_count,option_count,dependencies
"AOS_app","AOS - AESIR Oilfield Simulation 0.1.2 - Hito Bombeo Mecanico\n","GENERAL","src/menu/AOS_app.m",70,0,"iniciar_aos|aos_leer_opcion|AOS_menu_operacion_yacimiento|AOS_menu_importar_exportar|AOS_menu_configuracion|aos_normalizar_config|aos_sincronizar_geologia_activa|aos_menu_imprimir_resumen_config|aos_menu_imprimir_ultima_corrida"
"aos_leer_opcion","aos leer opcion","GENERAL","src/menu/aos_leer_opcion.m",18,0,""
"AOS_menu_analisis_integral","\n--- ANALISIS INTEGRAL DEL YACIMIENTO %s ---\n","GENERAL","src/menu/AOS_menu_analisis_integral.m",31,0,"aos_etiqueta_modulo|aos_leer_opcion|aos_modulo_no_disponible"
"AOS_menu_baterias","\n--- BATERIAS E INSTALACIONES %s ---\n","GENERAL","src/menu/AOS_menu_baterias.m",16,0,"aos_etiqueta_modulo|aos_leer_opcion|aos_mostrar_seccion_activa|aos_modulo_no_disponible"
"AOS_menu_BES","\n--- BOMBEO ELECTROSUMERGIBLE (BES) %s ---\n","BES","src/menu/AOS_menu_BES.m",49,0,"aos_etiqueta_modulo|aos_leer_opcion|aos_preparar_config_activa|BES_V2_menu|aos_config_base|bes2_defaults|bes2_sensibilidad_menu|bes2_cargar_bomba|bes2_comparar_v1_v2|BES_app|AOS_catalogos_listar_tipo|AOS_menu_reportes"
"AOS_menu_BM","\n--- BOMBEO MECANICO (BM) %s ---\n","BM","src/menu/AOS_menu_BM.m",40,0,"aos_etiqueta_modulo|aos_leer_opcion|aos_preparar_config_activa|BM_menu|aos_modulo_no_disponible|AOS_catalogos_listar_tipo|AOS_menu_reportes|AOS_exportar_ultima_corrida"
"AOS_menu_catalogos","\n--- ADMINISTRACION DE CATALOGOS ---\n","GENERAL","src/menu/AOS_menu_catalogos.m",65,0,"aos_leer_opcion|AOS_catalogos_listar_tipo|aos_mostrar_seccion_activa"
"AOS_menu_CGF","\n--- CGF - COMPRESION DE GAS EN FONDO %s ---\n","CGF","src/menu/AOS_menu_CGF.m",26,0,"aos_etiqueta_modulo|aos_leer_opcion|CGF_menu|aos_config_base|cgf_defaults|cgf_sensibilidad_menu|aos_comparar_gas_fondo"
"AOS_menu_comparacion_sla","\n--- COMPARACION DE SISTEMAS SLA ---\n","GENERAL","src/menu/AOS_menu_comparacion_sla.m",20,0,"aos_leer_opcion|sens_Qiny|sens_balance_energetico|aos_comparar_gas_fondo|aos_modulo_no_disponible"
"AOS_menu_configuracion","\n--- CONFIGURACION GENERAL ---\n","GENERAL","src/menu/AOS_menu_configuracion.m",222,0,"aos_leer_opcion|aos_menu_imprimir_resumen_config|aos_preferencias_usuario|aos_scada_rutas|aos_registro_modulos|diagnosticar_rutas_archivos"
"AOS_menu_datos_pozo","\n--- POZO: SURVEY, PUNZADOS Y COMPLETACION ---\n","GENERAL","src/menu/AOS_menu_datos_pozo.m",117,0,"aos_obtener_geometria_activa|aos_leer_opcion|aos_visualizar_geometria_pozo|aos_validar_geometria_pozo|aos_exportar_geometria_pozo|cargar_geologia_interactivo|aos_normalizar_config|aos_sincronizar_geologia_activa"
"AOS_menu_EGF","\n--- EGF - EDUCTOR GAS-GAS DE FONDO %s ---\n","EGF","src/menu/AOS_menu_EGF.m",26,0,"aos_etiqueta_modulo|aos_leer_opcion|EGF_menu|aos_config_base|egf_defaults|egf_sensibilidad_menu|aos_comparar_gas_fondo"
"AOS_menu_fluidos","\n--- FLUIDOS Y ASEGURAMIENTO DE FLUJO %s ---\n","GENERAL","src/menu/AOS_menu_fluidos.m",17,0,"aos_etiqueta_modulo|aos_leer_opcion|aos_mostrar_seccion_activa|aos_modulo_no_disponible"
"AOS_menu_formatos_externos","\n--- FORMATOS EXTERNOS Y PLANILLAS ---\n","GENERAL","src/menu/AOS_menu_formatos_externos.m",20,0,"aos_leer_opcion|importar_pozos"
"AOS_menu_gas_fondo","\n--- PRODUCCION Y COMPRESION DE GAS EN FONDO ---\n","GENERAL","src/menu/AOS_menu_gas_fondo.m",33,0,"CGF_menu|aos_config_base|cgf_defaults|cgf_sensibilidad_menu|EGF_menu|egf_defaults|egf_sensibilidad_menu|aos_comparar_gas_fondo"
"AOS_menu_GL_JGL","\n--- GAS LIFT / JET GAS LIFT %s ---\n","JGL","src/menu/AOS_menu_GL_JGL.m",42,0,"aos_etiqueta_modulo|aos_leer_opcion|aos_preparar_config_activa|JGL_menu|GL_puro_menu|menu_sensibilidad|diseno_mandriles|calibrar|sens_balance_energetico|sens_Qiny|AOS_menu_reportes|AOS_exportar_ultima_corrida"
"AOS_menu_herramientas","\n--- HERRAMIENTAS Y UTILIDADES GENERALES ---\n","GENERAL","src/menu/AOS_menu_herramientas.m",28,0,"aos_leer_opcion|AOS_menu_datos_pozo|diagnosticar_rutas_archivos|generar_mapa_dependencias|aos_registro_modulos"
"AOS_menu_herramientas_sla","\n--- HERRAMIENTAS COMUNES DE SLA ---\n","GENERAL","src/menu/AOS_menu_herramientas_sla.m",42,0,"aos_leer_opcion|AOS_menu_datos_pozo|aos_preparar_config_activa|calibrar|AOS_exportar_ultima_corrida|diagnosticar_rutas_archivos|aos_registro_modulos"
"AOS_menu_importar_exportar","\n--- IMPORTAR / EXPORTAR ---\n","GENERAL","src/menu/AOS_menu_importar_exportar.m",52,0,"aos_leer_opcion|importar_aosdat|exportar_aosdat|AOS_menu_datos_pozo|AOS_menu_formatos_externos|AOS_menu_catalogos|AOS_menu_reportes|AOS_menu_scada|diagnosticar_rutas_archivos"
"aos_menu_imprimir_resumen_config","\n*** CONFIGURACION BASE IMPORTADA (.aosdat, no es la ultima corrida) ***\n","GENERAL","src/menu/aos_menu_imprimir_resumen_config.m",50,0,"aos_formato_presion|aos_formato_longitud|aos_formato_caudal_gas"
"aos_menu_imprimir_ultima_corrida","aos menu imprimir ultima corrida","GENERAL","src/menu/aos_menu_imprimir_ultima_corrida.m",41,0,"aos_formato_caudal_liquido|aos_formato_caudal_gas|aos_formato_presion|aos_formato_longitud"
"AOS_menu_intercambio","AOS menu intercambio","GENERAL","src/menu/AOS_menu_intercambio.m",5,0,"AOS_menu_importar_exportar"
"AOS_menu_LDL","\n--- LDL - SISTEMA PROPIETARIO AESIR %s ---\n","LDL","src/menu/AOS_menu_LDL.m",31,0,"aos_etiqueta_modulo|aos_leer_opcion|aos_modulo_no_disponible|AOS_menu_scada|AOS_exportar_ultima_corrida|aos_mostrar_seccion_activa"
"AOS_menu_mallas_niveles","\n--- MALLAS Y NIVELES %s ---\n","GENERAL","src/menu/AOS_menu_mallas_niveles.m",16,0,"aos_etiqueta_modulo|aos_leer_opcion|aos_mostrar_seccion_activa|aos_modulo_no_disponible"
"AOS_menu_operacion_yacimiento","\n--- SIMULACION Y OPERACION DEL YACIMIENTO ---\n","GENERAL","src/menu/AOS_menu_operacion_yacimiento.m",32,0,"aos_etiqueta_modulo|aos_leer_opcion|AOS_menu_SLA|AOS_menu_pozos_inyectores|AOS_menu_mallas_niveles|AOS_menu_baterias|AOS_menu_fluidos|AOS_menu_redes_electricas|AOS_menu_secuencia_arranque|AOS_menu_scada|AOS_menu_analisis_integral|AOS_menu_herramientas"
"AOS_menu_otros_sistemas","\n--- OTROS SISTEMAS DE LEVANTAMIENTO ---\n","GENERAL","src/menu/AOS_menu_otros_sistemas.m",6,0,""
"AOS_menu_PCP","\n--- PCP - BOMBEO POR CAVIDADES PROGRESIVAS %s ---\n","PCP","src/menu/AOS_menu_PCP.m",32,0,"aos_etiqueta_modulo|aos_leer_opcion|aos_modulo_no_disponible|AOS_menu_LDL|AOS_menu_reportes|aos_mostrar_seccion_activa"
"AOS_menu_pozos_inyectores","\n--- POZOS INYECTORES %s ---\n","GENERAL","src/menu/AOS_menu_pozos_inyectores.m",29,0,"aos_etiqueta_modulo|aos_leer_opcion|aos_mostrar_seccion_activa|aos_modulo_no_disponible"
"AOS_menu_redes_electricas","\n--- REDES ELECTRICAS %s ---\n","GENERAL","src/menu/AOS_menu_redes_electricas.m",16,0,"aos_etiqueta_modulo|aos_leer_opcion|aos_mostrar_seccion_activa|aos_modulo_no_disponible"
"AOS_menu_reportes","\n--- REPORTES Y AOS VIEWER ---\n","GENERAL","src/menu/AOS_menu_reportes.m",61,0,"aos_leer_opcion|importar_aosrpt|aos_preferencias_usuario|bes2_exportar_reporte|cgf_exportar_reporte|egf_exportar_reporte|AOS_exportar_ultima_corrida|aos_registro_graficos"
"AOS_menu_scada","\n--- SCADA Y OPERACION EN TIEMPO REAL %s ---\n","SCADA","src/menu/AOS_menu_scada.m",41,0,"aos_etiqueta_modulo|aos_leer_opcion|importar_aosdat|aos_scada_procesar_bandeja|aos_scada_receptor_automatico|aos_scada_estado|aos_mostrar_seccion_activa|aos_modulo_no_disponible|aos_scada_rutas|AOS_menu_reportes"
"AOS_menu_secuencia_arranque","\n--- SECUENCIA DE ARRANQUE DEL YACIMIENTO %s ---\n","GENERAL","src/menu/AOS_menu_secuencia_arranque.m",17,0,"aos_etiqueta_modulo|aos_leer_opcion|aos_mostrar_seccion_activa|aos_modulo_no_disponible"
"AOS_menu_SLA","\n--- SISTEMAS DE LEVANTAMIENTO ARTIFICIAL - SLA ---\n","GENERAL","src/menu/AOS_menu_SLA.m",28,0,"aos_etiqueta_modulo|aos_leer_opcion|AOS_menu_GL_JGL|AOS_menu_BES|AOS_menu_BM|AOS_menu_PCP|AOS_menu_CGF|AOS_menu_EGF|AOS_menu_comparacion_sla|AOS_menu_herramientas_sla"
"BES_app","\n--- CATÁLOGO DE BOMBAS BES ---\n","BES","src/menu/BES_app.m",309,0,"iniciar_aos|aos_config_base|aos_normalizar_config|validar_parametro|load_config|pvt_calcular|aos_formato_presion|aos_formato_longitud|aos_set_profundidad|aos_opcion_modelo_ipr|aos_opcion_modelo_vlp|aos_sincronizar_config|obtener_survey|BES_sim|aos_formato_caudal_liquido|aos_formato_caudal_gas|ipr|plot_nodal_BES|diagnostico_tuberia_produccion|preguntar_reporte|aos_semaforo_operacion|aos_imprimir_semaforos|preguntar_exportar_aosrpt"
"BM_menu","AOS 0.1.2 - BOMBEO MECANICO\n","BM","src/menu/BM_menu.m",69,0,"iniciar_aos|bm_registro_modulos"
"BM_operativo_menu","\n--- BOMBEO MECANICO / GIBBS ---\n","BM","src/menu/BM_operativo_menu.m",419,0,"iniciar_aos|gibbs_lab_menu|gibbs18_menu|aos_config_base|aos_normalizar_config|aos_bm_propiedades_fluido|cargar_materiales_varillas|cargar_catalogo_bm|aos_formato_presion|aos_formato_longitud|aos_set_profundidad|aos_opcion_modelo_ipr|aos_sincronizar_config|obtener_survey|BM_core|diseno_varillas|diagnostico_bm_gibbs|diagnostico_tuberia_produccion|aos_semaforo_operacion|aos_imprimir_semaforos|preguntar_exportar_aosrpt|aos_formato_caudal_liquido"
"GL_puro_menu","\n--- PARAMETROS ACTUALES ---\n","GL","src/menu/GL_puro_menu.m",149,0,"iniciar_aos|aos_config_base|aos_normalizar_config|obtener_survey|aos_formato_presion|aos_formato_longitud|aos_qiny_configurada|aos_formato_caudal_gas|aos_set_profundidad|aos_sincronizar_config|aos_opcion_modelo_ipr|aos_opcion_modelo_vlp|diagnostico_vlp|aos_menu_qiny|GL_puro_core|aos_balance_energia_sla|aos_formato_caudal_liquido|aos_imprimir_balance_energia_sla|plot_nodal|diagnostico_tuberia_produccion|aos_semaforo_operacion|aos_imprimir_semaforos|preguntar_reporte|preguntar_exportar_aosrpt"
"JGL_menu","\n--- PARAMETROS ACTUALES ---\n","JGL","src/menu/JGL_menu.m",180,0,"iniciar_aos|aos_config_base|aos_normalizar_config|jgl_defaults|obtener_survey|aos_formato_presion|aos_formato_longitud|aos_qiny_configurada|aos_formato_caudal_gas|aos_set_profundidad|aos_sincronizar_config|aos_opcion_modelo_ipr|aos_opcion_modelo_vlp|diagnostico_vlp|aos_menu_qiny|JGL_core|aos_balance_energia_sla|aos_formato_caudal_liquido|aos_imprimir_balance_energia_sla|plot_nodal|diagnostico_tuberia_produccion|aos_semaforo_operacion|aos_imprimir_semaforos|preguntar_reporte|preguntar_exportar_aosrpt"
"menu_sensibilidad","\n--- ANÁLISIS DE SENSIBILIDAD ---\n","GENERAL","src/menu/menu_sensibilidad.m",81,0,""
